2021-07-07 17:24:12,The Olympics look increasingly likely to take place without fans following a surge in Covid-19 infections and the e‚Ä¶ https://t.co/EbRo1wURzK,TelegraphSport,"London, UK"
2021-07-07 17:24:10,"Along with my #NHS colleagues, I‚Äôve yet to have some time to recuperate and we dread the thought of another wave of‚Ä¶ https://t.co/v3oQlEMVn8",SebPillon,Manchester
2021-07-07 17:24:10,Delhi govt devises colour-coded mechanism to tackle possible 3rd COVID wave. Check how it works https://t.co/H9PO0TcZBD,sameepshastri,India
2021-07-07 17:24:09,Joe Biden to Divert $860 Million in Covid Relief Funds to House Illegal Alien Children https://t.co/M5yBH9dtVU via @gatewaypundit,StandingMyGrou1,
2021-07-07 17:24:09,@SonuSood my business got bankrupt due to covid. Can you provide me two lakhs as financial aid?,GorleVivekanand,
2021-07-07 17:24:09,"@SusanSarandon @noreallyhowcome And Covid is real tho, right?",ManaTalk_james,"Marmet, WV"
2021-07-07 17:24:09,Chtm covid 19 https://t.co/JRNL3Ls4JC,IsmaCoriia,CDMX
2021-07-07 17:24:08,"Everything they say about Alan Jones' ideas must be true

https://t.co/5WjfOKgNNy",just1morevoice,the land of nod
2021-07-07 17:24:08,"trump

https://t.co/jD3YyRUKrf",jbtruth1,
2021-07-07 17:24:08,Niggas catchin Covid again time to pull them mask back out,R0nn24,
2021-07-07 17:24:07,"@annafbeswick @CharlotteV We don‚Äôt have to isolate or quarantine!

Covid knows to leave us alone apparently as we‚Äôr‚Ä¶ https://t.co/me774C1aFe",Michael53418170,"Bexhill, England"
2021-07-07 17:24:07,"NOT #JohnsonVariant AT ALL.
General population suffering #CovidPhobia and PTSD.
Get some help for your mental healt‚Ä¶ https://t.co/8UBhYXu1Dg",TinaThiara,UK
2021-07-07 17:24:06,"COVID-19: Fiji announces record-breaking 791 new cases, three deaths https://t.co/RFps4Kjta2",NewshubNZ,New Zealand
2021-07-07 17:24:06,Covid lockdown showed me who your real people are. That was probably the most important lesson I learned from it.,CapAngels,South Gate 
2021-07-07 17:24:06,Having to figure out a rapid covid test for pre-travel is also stressing me out because I hate calling places and being put on hold,k0nnichiwaneko,Zag's room
2021-07-07 17:24:06,@Floridian_Life @FOX13News ‚ÄúUnknown long side effects of the vaccine‚Äù is BS. MRNA vaccines have been tested for yea‚Ä¶ https://t.co/WPIR8SgH7w,BarackGo,
2021-07-07 17:24:06,@ntvuganda It's a good idea since it's from people themselves and this time they will not have any fingers pointing‚Ä¶ https://t.co/6OGrRYOtQL,jonathanokwere2,Uganda
2021-07-07 17:24:05,"Cabinet, chaired by President Salva Kiir, has resolved that there will be no official celebrations for the country‚Äô‚Ä¶ https://t.co/FmaJI7udbg",RadioMiraya,South Sudan
2021-07-07 17:24:05,"COVID 19 | Assam reports 2,289 new positive cases, 26 deaths, and 3,136 recoveries in the last 24 hours. Active cas‚Ä¶ https://t.co/sAyKSPJ1CI",Indsamachar,India
2021-07-07 17:24:05,COVID-19 vaccine etiquette for weddings - FOX 26 Houston https://t.co/AYo4QgqZhW,agarwal_misty,Shimla
2021-07-07 17:24:05,South Korea will receive batch of Israeli COVID vaccine after Palestinian Authority rejects offer https://t.co/3QGsWrGsjv,worldnetdaily,
2021-07-07 17:24:04,"Covid: Cases in UK rise above 30,000 for first time since January https://t.co/FWiC6ggWG3",TeesValleyVoice,"Thornaby, UK"
2021-07-07 17:24:04,@Emma_Hurt @SenatorWarnock @FLOTUS @MayorJohnsonSAV Please help the millions of us #Covid #LongHaulers with‚Ä¶ https://t.co/upa2eHQfa4,rennymc33,"Boston, MA"
2021-07-07 17:24:04,@RepThomasMassie @MaxBoot how many servicemen have died from getting the vaccine?  how many have died from Covid-19‚Ä¶ https://t.co/W5W74gimkV,redjohn5555,
2021-07-07 17:24:03,"""To achieve flexibility, public spaces are often designed for large gatherings with pockets of more intimate gather‚Ä¶ https://t.co/5bWde61JRR",Psomas1,Western U.S.
2021-07-07 17:24:03,Nearly 500 civilians from #Kalay have died of COVID-19 symptoms during past 30 days.15-liter oxygen cylinder's pric‚Ä¶ https://t.co/guogBmsP8O,TraceyPS29,
2021-07-07 17:24:03,"While we still have a global pandemic on our hands, the world is slowly but surely returning to normalcy. Let‚Äôs tak‚Ä¶ https://t.co/gFg2a7SSCu",EBlanklaw,"Las Vegas, NV"
2021-07-07 17:24:02,British and Irish Lions management team member tests positive for Covid-19 https://t.co/QWnBXHDLsd,WaterfordLive,"Waterford, Ireland"
2021-07-07 17:24:02,"@jane2465 I carried out a little experiment of my own.

I had Covid last February. On Sunday last, I did an antibod‚Ä¶ https://t.co/D51eeqYe3A",minty_adam,Southend-on-Sea
2021-07-07 17:24:02,@heartpumpsdust @GovofCO You can wear a mask.  I didn't wear one the whole time and guess what?  I didn't get sick.‚Ä¶ https://t.co/Sdpm0LodA5,turbo98snake,
2021-07-07 17:24:02,"Mercy will require all of its co-workers to receive the COVID-19 vaccine by the end of September. 
 https://t.co/JHxXSsoxqu",5NEWS,"Fort Smith - Fayetteville, AR"
2021-07-07 17:24:01,Manitoba supersites planning for 'vax-a-thon' against COVID-19 next week https://t.co/niCZIvUuvt,ctvwinnipeg,"Winnipeg, Manitoba, Canada"
2021-07-07 17:24:01,@ooohalberto @7thtwitr @RexNhongo2 @shvetaraju They‚Äôre purely for show. Prior to covid Every professional medical a‚Ä¶ https://t.co/NPEwylvAxg,PNGEtrades,"Knoxville, TN"
2021-07-07 17:24:01,üö® Study Alert: The first comprehensive study of #COVID19 in the brain and its effects. Read what molecular changes‚Ä¶ https://t.co/jVEmlrkJvZ,SocietyHospMed,"Philadelphia, PA"
2021-07-07 17:24:01,"Fauci and the democrats can take their masks and shove it!

Some in US pushing for more COVID restrictions, masking‚Ä¶ https://t.co/NCY2xjd6sa",maximumchange,USA (Worldwide)
2021-07-07 17:24:01,"Lions confirm they have 14 members of touring party in isolation following positive Covid tests

https://t.co/Ks4FflK3kF",WalesRugby,Wales
2021-07-07 17:24:01,"@RepMTG You‚Äôre over Covid? My cousin was ‚Äúover covid‚Äù when she refused to wear a mask, contracted COVID, transmitte‚Ä¶ https://t.co/1EthsPEns6",BegleyKel,
2021-07-07 17:24:00,"UK's daily COVID infections pass 32,000 for first time since January - with another 33 deaths https://t.co/fXL561yjsA",DakotasChild1,
2021-07-07 17:24:00,@LZZYHALE I wish that someone would record the very first post covid show and y‚Äôall could sell the DVD! There is a gem idea for merch üòâ,sottilegina2,
2021-07-07 17:24:00,"In a recent update to its Coronavirus Response policy page, Costco quietly announced the end of its senior and spec‚Ä¶ https://t.co/TTUcMXjKkl",KSEE24,"Fresno, California"
2021-07-07 17:24:00,"Personally I am aware of far more friends, family and colleagues being being infected by Covid now than ever. All s‚Ä¶ https://t.co/ebK6mjMei6",Itsdihere,North Yorkshire
2021-07-07 17:24:00,"WHO recommends Roche, Sanofi drugs for COVID-19 to cut death risk https://t.co/ILM9tg6Yzh",leowaxmderm,Ciudad M√©xico
2021-07-07 17:23:59,Nearly 500 civilians from #Kalay have died of COVID-19 symptoms during past 30 days.15-liter oxygen cylinder's pric‚Ä¶ https://t.co/2f1bTwJq6x,LwinShinthant,
2021-07-07 17:23:59,"Since March 2020, we‚Äôve been examining the UK response to covid-19 to:
- identify lessons the UK could learn on the‚Ä¶ https://t.co/FEvfsuS8ci",CommonsSTC,"House of Commons, UK"
2021-07-07 17:23:59,"Covid is NOT a deadly disease! Nor are its variants!!

And I'm sick and tired of the Media and governments pretendi‚Ä¶ https://t.co/bulEc1Ov6L",avagades,The True North full of sheep 
2021-07-07 17:23:58,@pedro_abcfc covid,brenooABC,Natal
2021-07-07 17:23:58,"@EdenShevel @CP24 So by now you must realize covid is not going anywhere and like the flu, we have to live with it.‚Ä¶ https://t.co/TYPmk3Sgsz",FewerIlse,"Newfoundland and Labrador, Can"
2021-07-07 17:23:58,Don Life by Big Sean just cured any covid fatigue I‚Äôve had all day,RyseHamilton,West Ham United
2021-07-07 17:23:57,Them Florida folk are getting that wrath of Elsa for wanting to be so unruly during Covid.,RobbersSkylar,
2021-07-07 17:23:56,"In a recent update to its Coronavirus Response policy page, Costco quietly announced the end of its senior and spec‚Ä¶ https://t.co/LcLtkxkbtk",CBS47,"Fresno, CA"
2021-07-07 17:23:56,"@MrsGandhi @shailajateacher Yes, lecture should be given by those experts who conducted 100,000+ fake Covid tests‚Ä¶ https://t.co/mTLzNZceAL",anuragss,"Trivandrum, India"
2021-07-07 17:23:55,Nearly 500 civilians from #Kalay have died of COVID-19 symptoms during past 30 days.15-liter oxygen cylinder's pric‚Ä¶ https://t.co/c4WrDnRBEW,PoeInzaliAung,Myanmar
2021-07-07 17:23:55,"#COVID19 Update (July 7)  Total Patients ‚Äî 175,923 (+3947) Total Discharged ‚Äî 141,255 (+868) Total Death ‚Äî 3,570 (+‚Ä¶ https://t.co/zcS6l3QYHK",7pan_7,
2021-07-07 17:23:55,1 in 5 Americans wear a smartwatch or fitness tracker. Scientists at Scripps Research Translational Institute are u‚Ä¶ https://t.co/2VnvHWSXvL,scrippsresearch,"La Jolla, CA & Jupiter, FL"
2021-07-07 17:23:55,Respiratory aerosols account for around 90% of COVID-19 transmission. @j_g_allen explains why better ventilation an‚Ä¶ https://t.co/mEsOfZpPld,airxchange,"Rockland, MA"
2021-07-07 17:23:54,Second-dose struggles: normal immune responses more intense than 1st dose for some https://t.co/B0fhlANiKC via‚Ä¶ https://t.co/8l49mPsXIC,iChinadian,"Vancouver Ê∫´Âì•ËèØ, Canada Âä†ÊãøÂ§ß üá®üá¶"
2021-07-07 17:23:54,83-year-old Woman Dies on Way Home After Taking Covid-19 Vaccination in MP https://t.co/vlKXPQ4yUx,R_Daneel_0livaw,Outside the FEMA camp for now
2021-07-07 17:23:53,@askryanair Hi I am wondering if you can please answer my DM and or one of my multiple emails. Have been trying to‚Ä¶ https://t.co/dz3f38BcQZ,SwanWonga74,
2021-07-07 17:23:53,"Yes, children who suffer serious illness, disability, or death from Covid are a small *percentage* of all children,‚Ä¶ https://t.co/FSKeaUE7il",jstrange1925,Texas
2021-07-07 17:23:53,"Or maybe they are offered a choice between vaccination OR their child getting Covid, risking long Covid, neurologic‚Ä¶ https://t.co/I7AuYI7Ff2",jstrange1925,Texas
2021-07-07 17:23:52,"Voters fail Harris on border, 62% see ‚Äòa crisis‚Äô https://t.co/vdKVhRHgIa gunner opines harris took CRT classes and‚Ä¶ https://t.co/lYpX1kHmCZ",GunnersforLife3,
2021-07-07 17:23:52,@TeddiThompsonS1 I was bawling crying at one point(in a very sad meeting) with one on and it completely filled with‚Ä¶ https://t.co/zrmwhZEzDF,PitviperReese,"Alabama, USA"
2021-07-07 17:23:52,"@saxon_angelo As a matter of interest, IS there any condition left that isn't caused by Covid 19?",DerylLynn,
2021-07-07 17:23:51,"Kwasi Kwarteng Says Covid Self-Isolation Is ‚ÄúNot Perfect Solution‚Äù After Warnings Of Chaos.

https://t.co/uFfE1f2irc",steviweavi,Europe 
2021-07-07 17:23:51,"I understand that Native Americans have a bad history with diseases from white men.
But come on, New Mexico. Lighte‚Ä¶ https://t.co/za7J8MJmjN",ReedCoverdale,"Utah, USA"
2021-07-07 17:23:51,@AndyGiBBo @JPickford1 Had tickets for all the England games through the England Travel Club before Covid mate! Man‚Ä¶ https://t.co/LMpp8GmsJO,PerryJScott,"Lowestoft, England"
2021-07-07 17:23:51,"First-dose COVID-19 vaccinations plateau across Canada, threatening path to variant resilience‚Ä¶ https://t.co/6qFkt3jwK8",wardrachel,"Treaty 7/Calgary, Alberta"
2021-07-07 17:23:51,"@MiebachMichael @Mastercard @stephaniemehta @aspenideas Michael,
'speaking of tech- we need a US Covid Vaccine App.‚Ä¶ https://t.co/uhvPyM1e72",JohnMRinaldi,"New York, NY"
2021-07-07 17:23:50,"Same here in Kenya,South africa,Uganda and now Tanzania about to... The problem is the young man stole what would b‚Ä¶ https://t.co/05sAJiHKbl",RonnyMzuuka,Nairobi Kenya Africa
2021-07-07 17:23:50,"What if your mental health concerns over covid were valid?
https://t.co/AQHwnmJv9m
@jbaitylcsw #DearSF @sfpublicpress",GeorgeKoster,"San Francisco, CA"
2021-07-07 17:23:49,"@beenth3rebefor3 Yep, real smart bunch - won't wear mask, won't get vaxxed, getting COVID-19, some hospitalized, so‚Ä¶ https://t.co/CcMR0dlrNz",AnWin15,
2021-07-07 17:23:47,It‚Äôs embarrassing that ORLANDO(!!)‚Äôs weekly average for Covid cases is the exact same as THE ENTIRE STATE of Pennsylvania,_ohsnapitzash_,"Philadelphia, PA"
2021-07-07 17:23:47,"The NI Dept of Health has released the location &amp; dates of popup #covid vaccine centres. 

üìçBelfast
üìçBangor
üìçCoalis‚Ä¶ https://t.co/CPigdUPoPu",DarranMarshall,Tyrone / Belfast
2021-07-07 17:23:47,"We have a free COVID-19 (Pfizer) vaccine opportunity available for our AISD Community, all family members included,‚Ä¶ https://t.co/IHKeXx6szV",AustinISD,"Austin, TX"
2021-07-07 17:23:47,Post-COVID-19 Hyperglycemia: A Concern in Selection of Therapeutic Regimens https://t.co/feJX4biYMJ,ArmenYuri,"West Midlands, England"
2021-07-07 17:23:47,"There are still millions of unvaccinated front line health workers in the world, whilst elsewhere the least at risk‚Ä¶ https://t.co/52A8aIkgIo",clipperride,Oxfordshire UK
2021-07-07 17:23:46,"If Jehovah's Witnesses weren't enough for you, get ready for Jabhovah's Witnesses representing the Church of COVID.‚Ä¶ https://t.co/eCwxd2DZAn",TyrannyAvenger,
2021-07-07 17:23:45,@AshwiniVaishnaw @narendramodi Sir please please please......COMPLETE RRB NTPC PROCESS.. PLEASE SIR.. WE STUDENTS A‚Ä¶ https://t.co/BLccOVRJbE,Yashcum2rock,
2021-07-07 17:23:45,"@Cleavon_MD Ooooh nooo may his soul rest in peace.
Check out this video about the second wave of covid 19",healthlivingby1,
2021-07-07 17:23:44,@GavinNewsom Covid variants have a breeding ground among the unvaccinated. This puts us all at risk. Why is there n‚Ä¶ https://t.co/JwHiTA1JAo,Pudinska,California
2021-07-07 17:23:44,"Covid: Cases in UK rise above 30,000 for first time since January ... just the start of a huge increase #covid19  https://t.co/ygtGhm415Q",DavidBurt8,Scotland
2021-07-07 17:23:44,@mRizwanAshiq @shoaib100mph Ji interest hai is field main but covid-19 saiy phely tk sb theek tha even covid-19 mai‚Ä¶ https://t.co/s5Yeiqo0hV,ISI_PAK_,Islamic Republic of Pakistan
2021-07-07 17:23:43,"Self love has to be regulated this time. You were down with covid-19 and expected us to visit you, did you want a of us to die?",bin_oshabe,omuka
2021-07-07 17:23:43,"@teamraccoonpdx Unless we are isolating ourselves, we are all being exposed to people who can be infected and sprea‚Ä¶ https://t.co/cNMOkypC1w",HughThunkIt,"Portland, OR"
2021-07-07 17:23:43,@theproudestmom Got married with only immediate family at the beginning of covid-tide. Totally recommend it to anyo‚Ä¶ https://t.co/4pSHtXrCxq,MasterAlcofrib1,Lanternland
2021-07-07 17:23:42,@GarettJones A particular family member of mine almost died of covid. Conservative type. Refused vaccination becaus‚Ä¶ https://t.co/bOZKkuQaJB,evolvjj,"Seattle, WA"
2021-07-07 17:23:42,@LTHlondon The the local councils are the worst for Covid excuses.,lillybeth1818,SOUTH LONDONER
2021-07-07 17:23:41,@coder_blvck This is why not raising money now when it's cheap because countries are printing money to end the COVI‚Ä¶ https://t.co/7BcGzwaXP5,seunosewa,Nigeria
2021-07-07 17:23:41,"@drcraigwax @DHSCgovuk @DrDanaBeez If you‚Äôve already had Covid you almost certainly have very long term immunity, a‚Ä¶ https://t.co/0N0UVzgD1i",nightranger66,North Yorkshire
2021-07-07 17:23:41,"(Also told me that he knew that the number of COVID deaths was way inflated, thought it was terrible how the pandem‚Ä¶ https://t.co/tVjF86CUMY",ConorPWilliams,"District of Columbia, USA"
2021-07-07 17:23:41,"Otherwise it is no one's responsibility to keep anyone else ""safe"" from covid anymore. It is now YOUR responsibilit‚Ä¶ https://t.co/xAmO0NNAr0",jenneraub,"San Francisco, CA"
2021-07-07 17:23:40,"COVID BIDEN Wed, 7 Jul 2021 12:00:00 CDT",TopTwoNewsWords,"Champaign-Urbana, IL"
2021-07-07 17:23:40,@BBCNews Bbc still milking this covid story for the last 16 months. #scrapthelicencefee,maybesainsburys,
2021-07-07 17:23:40,"@blakeshelton I had COVID and was hospitalized for 40 days,my best friend AHLAM stood by me and was inspiring me ea‚Ä¶ https://t.co/FgTtor5ntB",DeSeRt_RoSe_10,ŸÅŸä ŸÇŸÑÿ® ÿ£ŸÖŸä Ÿà ÿ£ÿ®Ÿä 
2021-07-07 17:23:40,Maryland offers chance at scholarships for teens who get vaccinated https://t.co/ua449BYEw5,postlocal,"Washington, D.C."
2021-07-07 17:23:40,"@IEBengaluru @shailajateacher @iimb_official @IndianExpress @IExpressSouth üòõüòõüòõüòõüòõüòõüòõüòõüòõ
ü§ìü§ìü§ìü§ìü§ìü§ìü§ìü§ìü§ì

When covid below 10‚Ä¶ https://t.co/WSCLl8jD66",_AjayShankar,"Kerala, India"
2021-07-07 17:23:40,"Myanmar ppl are now facing fatal Covid-19 infection, also brutal junta terrorists.
#July7Coup‚Ä¶ https://t.co/EM4bcuLAKe",AungArkerMyo,myanmar
2021-07-07 17:23:39,We need accountability for the covid  money we collected last year!,k_muwa,"Kampala, Uganda"
2021-07-07 17:23:39,"WHO urges countries ‚Äònot to lose gains‚Äô by prematurely lifting COVID-19 measures

https://t.co/lbvBjwhtKM",Shafaqnews,Iraq
